code,up_limit,down_limit
000001,13.09,10.71
000002,34.83,28.49
000004,24.97,20.43
000005,4.31,3.53
000006,8.59,7.03
000007,15.44,12.64
000008,7.78,6.36
000009,6.96,5.7
000010,5.16,4.22
000011,17.53,14.35
000012,8.58,7.02
000014,11.74,9.6
000016,7.49,6.13
000017,6.48,5.3
000018,6.42,5.26
000019,13.37,10.94
000020,18.26,14.94
000021,9.66,7.9
000023,20.39,16.69
000025,43.95,35.96
000026,11.26,9.22
000027,6.46,5.28
000028,67.06,54.86
000029,12.29,10.05
000030,8.01,6.55
000031,8.8,7.2
000032,11.86,9.7
000034,23.76,19.44
000035,7.39,6.05
000036,9.66,7.9
000037,7.81,6.39
000038,20.35,16.65
000039,19.89,16.27
000040,13.29,10.87
000042,16.13,13.19
000043,9.88,8.08
000045,9.72,7.96
000046,8.71,7.13
000048,26.29,21.51
000049,38.17,31.23
000050,17.96,14.7
000055,8.35,6.83
000056,14.6,11.94
000058,7.28,5.96
000059,10.49,8.59
000060,10.76,8.8
000061,7.79,6.37
000062,22.34,18.28
000063,34.82,28.49
000065,19.1,15.62
000066,8.17,6.69
000068,5.07,4.15
000069,9.22,7.54
000070,10.27,8.41
000078,6.67,5.45
000088,8.36,6.84
000089,9.23,7.55
000090,10.65,8.71
000096,14.48,11.84
000099,9.28,7.6
000100,4.07,3.33
000150,30.27,24.77
000151,19.6,16.04
000153,8.6,7.04
000155,7.52,6.16
000156,12.54,10.26
000157,4.68,3.83
000158,8.88,7.26
000159,5.17,4.23
000166,5.52,4.52
000301,7.04,5.76
000333,64.11,52.45
000338,8.94,7.32
000400,13.44,11.0
000401,15.5,12.68
000402,11.04,9.04
000403,32.3,29.22
000404,6.41,5.25
000407,7.04,5.76
000408,17.91,14.65
000409,6.31,5.17
000410,12.4,10.14
000411,24.44,20.0
000413,8.94,7.32
000415,6.42,5.26
000416,6.9,5.64
000417,8.4,6.88
000418,79.23,64.83
000419,6.19,5.07
000420,3.21,2.63
000421,6.11,5.0
000422,3.59,2.93
000423,68.48,56.03
000425,4.53,3.71
000426,11.01,9.01
000428,4.19,3.43
000429,8.84,7.24
000430,9.0,7.36
000488,19.26,15.76
000498,7.03,5.75
000501,17.4,14.24
000502,10.18,8.33
000503,44.98,36.8
000504,26.58,21.74
000505,8.88,7.26
000506,4.93,4.03
000507,10.07,8.24
000509,4.58,3.74
000510,7.58,6.2
000513,83.88,68.63
000514,7.43,6.08
000516,5.38,4.4
000517,4.54,3.72
000518,7.07,5.79
000519,10.2,8.34
000520,3.88,3.18
000521,4.82,3.94
000523,8.45,6.91
000524,11.4,9.32
000525,24.99,20.45
000526,29.59,26.77
000528,9.94,8.14
000529,7.13,5.83
000530,6.01,4.91
000531,7.9,6.46
000532,18.72,15.32
000533,10.59,8.67
000534,14.36,11.75
000536,4.68,3.83
000537,13.59,11.12
000538,112.07,91.69
000539,5.13,4.19
000540,8.09,6.62
000541,9.48,7.76
000543,5.51,4.51
000544,15.21,12.45
000545,4.94,4.04
000546,17.27,14.13
000547,11.91,9.75
000548,7.03,5.75
000550,21.22,17.36
000551,8.02,6.56
000552,3.89,3.19
000553,15.94,13.04
000554,8.84,7.24
000555,16.73,13.69
000557,5.12,4.19
000558,4.96,4.06
000559,9.59,7.85
000560,8.93,7.31
000561,8.11,6.63
000563,4.54,3.72
000564,5.26,4.3
000565,7.24,5.92
000566,14.18,11.6
000567,27.06,22.14
000568,65.67,53.73
000570,5.74,4.7
000571,5.27,4.31
000572,4.49,3.67
000573,5.43,4.45
000576,22.98,18.8
000581,25.8,21.11
000582,9.64,7.88
000584,15.83,12.95
000585,3.8,3.11
000586,16.79,13.73
000587,7.59,6.21
000589,4.72,3.86
000590,13.65,11.17
000591,5.39,4.41
000592,4.96,4.06
000593,7.59,6.21
000595,4.61,4.17
000596,68.06,55.68
000597,11.13,9.11
000598,5.51,4.51
000599,6.77,5.54
000600,7.81,6.39
000601,7.78,6.36
000603,13.2,10.8
000605,18.74,15.34
000606,7.91,6.47
000607,6.03,4.93
000608,7.34,6.0
000609,10.34,8.46
000610,11.78,9.64
000611,8.24,6.74
000612,8.28,6.78
000613,10.52,8.6
000615,9.99,8.17
000616,3.76,3.08
000617,15.68,12.83
000619,7.99,6.53
000620,6.68,5.46
000622,4.92,4.02
000623,22.99,18.81
000625,13.12,10.74
000626,14.03,11.48
000627,8.89,7.27
000628,10.32,8.44
000630,2.96,2.42
000631,4.52,3.7
000632,6.51,5.33
000633,9.6,7.86
000635,15.8,12.92
000636,13.84,11.32
000637,6.26,5.12
000638,10.47,8.57
000639,16.8,13.74
000650,5.59,4.57
000651,56.87,46.53
000652,5.01,4.1
000655,6.07,4.97
000656,5.85,4.79
000657,12.39,10.13
000659,3.97,3.59
000661,200.68,164.2
000662,13.9,11.38
000663,14.37,11.75
000665,11.77,9.63
000666,20.12,16.46
000667,3.3,2.7
000668,14.09,11.53
000669,12.97,10.61
000670,5.8,4.74
000671,8.81,7.21
000672,14.09,11.53
000673,19.03,15.57
000676,13.31,10.89
000677,3.64,2.98
000678,7.17,5.87
000679,7.07,5.79
000680,4.84,3.96
000681,30.12,24.64
000682,4.88,4.0
000683,3.08,2.52
000685,11.04,9.04
000686,8.82,7.22
000687,11.13,9.11
000688,10.74,8.78
000690,9.19,7.52
000691,6.55,5.36
000692,4.59,3.75
000693,12.47,11.29
000695,10.63,8.69
000697,20.46,16.74
000698,6.07,4.97
000700,5.68,4.64
000701,9.56,7.82
000702,7.3,5.98
000703,28.61,23.41
000705,8.35,6.83
000707,4.7,3.84
000708,12.25,10.03
000709,4.1,3.36
000710,52.42,42.89
000711,13.19,10.79
000712,16.47,13.47
000713,7.23,5.91
000715,9.57,7.83
000716,5.72,4.68
000717,7.65,6.26
000718,4.6,3.76
000719,9.52,7.79
000720,5.04,4.12
000721,5.6,4.58
000722,10.03,8.21
000723,6.09,4.99
000725,6.33,5.18
000726,11.72,9.59
000727,2.72,2.22
000728,10.35,8.47
000729,8.22,6.72
000731,8.76,7.16
000732,30.58,25.02
000733,14.31,11.71
000735,9.88,8.08
000736,19.66,16.08
000737,4.27,3.87
000738,17.95,14.69
000739,6.66,5.45
000750,4.98,4.08
000751,5.16,4.22
000752,15.91,13.01
000753,3.8,3.11
000755,6.79,6.15
000756,13.92,11.39
000757,7.73,6.33
000758,6.67,5.45
000759,8.65,7.07
000760,5.62,4.6
000761,5.34,4.37
000762,14.86,12.16
000766,14.96,12.24
000767,3.07,2.51
000768,17.19,14.07
000776,18.11,14.81
000777,15.39,12.59
000778,5.62,4.6
000779,14.82,12.12
000780,5.27,4.77
000782,7.41,6.07
000783,8.05,6.59
000785,10.59,8.67
000786,28.4,23.24
000788,8.37,6.85
000789,12.97,10.61
000790,9.99,8.17
000791,7.74,6.34
000792,14.62,11.96
000793,9.24,7.56
000795,6.72,5.5
000796,14.19,11.61
000797,10.47,8.57
000798,9.37,7.67
000799,26.29,21.51
000800,11.47,9.39
000801,6.78,5.54
000802,12.8,10.48
000803,22.47,20.33
000806,8.35,6.83
000807,9.08,7.43
000809,3.59,3.25
000810,9.9,8.1
000811,8.1,6.62
000812,7.89,6.45
000813,9.26,7.58
000815,13.78,11.28
000816,4.1,3.36
000818,13.82,11.3
000819,13.31,10.89
000820,14.77,12.09
000821,14.55,11.91
000822,8.9,7.28
000823,11.12,9.1
000825,6.68,5.46
000826,31.35,25.65
000828,12.11,9.91
000829,10.19,8.33
000830,18.82,15.4
000831,11.7,9.58
000833,6.96,5.7
000835,8.27,6.77
000836,5.45,4.46
000837,6.29,5.15
000838,5.85,4.79
000839,8.15,6.67
000848,10.3,8.42
000850,4.7,3.84
000851,8.98,7.34
000852,9.26,7.58
000856,21.96,17.96
000858,81.97,67.07
000859,4.25,3.47
000860,21.6,17.68
000861,3.31,2.71
000862,4.39,3.59
000863,5.36,4.38
000868,7.84,6.42
000869,40.92,33.48
000875,3.69,3.02
000876,8.29,6.79
000877,12.05,9.86
000878,13.18,10.78
000880,10.37,8.49
000881,13.85,11.33
000882,3.58,2.93
000883,4.97,4.07
000885,17.05,13.95
000886,7.03,5.75
000887,19.07,15.61
000888,10.7,8.76
000889,14.88,12.18
000890,7.47,6.11
000892,8.4,6.88
000893,6.15,5.03
000895,30.6,25.04
000897,3.56,2.92
000898,7.07,5.79
000899,5.64,4.62
000900,6.88,5.63
000901,22.83,18.68
000902,11.11,9.09
000903,3.49,2.85
000905,10.82,8.86
000906,8.65,7.07
000908,6.2,5.08
000909,11.89,9.73
000910,24.3,19.88
000911,8.49,6.95
000912,7.13,6.45
000913,18.67,15.27
000915,27.69,22.65
000917,8.98,7.34
000918,7.68,6.28
000919,9.24,7.56
000920,9.47,7.75
000921,14.41,11.79
000922,7.89,7.13
000923,24.55,20.09
000925,12.88,10.54
000926,11.55,9.45
000927,4.6,3.76
000928,6.56,5.36
000929,9.94,8.14
000930,14.67,12.01
000931,7.41,6.07
000932,8.82,7.22
000933,8.9,7.28
000935,21.37,17.49
000936,8.28,6.78
000937,5.97,4.89
000938,74.65,61.07
000939,5.49,4.49
000948,12.11,9.91
000949,4.37,3.57
000951,17.11,14.0
000952,15.5,12.68
000953,8.79,7.95
000955,7.19,5.89
000957,11.56,9.46
000958,5.2,4.26
000959,5.78,4.73
000960,15.51,12.69
000961,7.79,6.37
000962,7.91,6.47
000963,71.43,58.45
000965,6.12,5.0
000966,3.88,3.18
000967,8.47,6.93
000968,15.04,12.3
000969,8.62,7.06
000970,13.98,11.44
000971,13.77,11.27
000972,4.38,3.96
000973,5.79,4.73
000975,15.88,13.0
000976,9.2,7.52
000977,23.55,19.27
000978,8.4,6.88
000979,2.04,1.67
000980,11.12,9.1
000981,9.03,7.39
000982,3.33,3.01
000983,9.25,7.57
000985,21.3,17.42
000987,11.97,9.79
000988,16.89,13.82
000989,23.89,19.55
000990,16.93,13.85
000993,8.25,6.75
000995,9.22,7.54
000996,18.07,14.79
000997,20.41,16.7
000998,28.22,23.09
000999,29.54,24.17
001696,6.48,5.3
001872,26.55,21.73
001896,5.61,4.59
001965,11.31,9.25
001979,24.27,19.85
002001,39.49,32.31
002002,7.27,5.95
002003,13.07,10.69
002004,7.58,6.2
002005,4.8,3.92
002006,7.34,6.0
002007,31.02,25.38
002008,62.19,50.89
002009,16.83,13.77
002010,18.54,15.17
002011,7.81,6.39
002012,8.35,6.83
002013,11.95,9.77
002014,13.53,11.07
002015,6.8,5.56
002016,14.28,11.68
002017,8.65,7.07
002018,5.93,4.85
002019,24.01,19.65
002020,12.17,9.95
002021,4.33,3.55
002022,14.8,12.11
002023,9.99,8.17
002024,14.53,11.89
002025,26.07,21.33
002026,8.29,6.79
002027,15.15,12.39
002028,17.84,14.6
002029,10.15,8.31
002030,16.52,13.52
002031,3.04,2.48
002032,45.3,37.06
002033,9.31,7.61
002034,51.14,41.84
002035,30.64,25.07
002036,17.62,14.42
002037,12.95,10.59
002038,38.08,31.16
002039,16.89,13.82
002040,13.27,10.85
002041,12.06,9.86
002042,13.19,10.79
002043,12.68,10.38
002044,28.71,23.49
002045,14.16,11.58
002046,10.47,8.57
002047,8.11,6.63
002048,21.12,17.28
002049,53.77,43.99
002050,21.13,17.29
002051,18.32,14.99
002052,5.26,4.3
002053,11.92,9.76
002054,8.23,6.73
002055,20.98,17.16
002056,10.49,8.59
002057,13.65,11.17
002058,19.6,16.04
002059,8.25,6.75
002060,3.84,3.14
002061,15.64,12.8
002062,5.19,4.25
002063,11.91,9.75
002064,5.42,4.44
002065,8.92,7.3
002066,12.91,10.57
002067,6.5,5.32
002068,10.04,8.22
002069,5.09,4.17
002070,4.55,4.11
002071,9.54,7.8
002072,31.79,26.01
002073,8.81,7.21
002074,24.07,19.69
002075,17.73,14.51
002076,6.02,4.92
002077,11.99,9.81
002078,12.57,10.29
002079,8.27,6.77
002080,25.07,20.51
002081,14.17,11.59
002082,15.37,12.57
002083,6.44,5.27
002084,7.05,5.77
002085,13.65,11.17
002086,11.41,9.33
002087,5.96,4.88
002088,17.7,14.48
002089,6.89,5.63
002090,22.45,18.37
002091,9.35,7.65
002092,13.78,11.28
002093,9.69,7.93
002094,23.76,19.44
002095,55.02,45.02
002096,8.27,6.77
002097,8.03,6.57
002098,17.96,14.7
002099,6.12,5.0
002100,8.6,7.04
002101,20.59,16.85
002102,5.34,4.37
002103,10.4,8.51
002104,8.82,7.22
002105,6.72,5.5
002106,8.94,7.32
002107,12.18,9.96
002108,11.26,9.22
002109,7.72,6.32
002110,21.0,17.18
002111,13.78,11.28
002112,12.64,10.34
002113,10.81,8.85
002114,17.93,14.67
002115,9.22,7.54
002116,11.42,9.34
002117,18.13,14.83
002118,9.28,7.6
002119,19.44,15.9
002120,53.23,43.55
002121,9.45,7.73
002122,9.34,7.64
002123,12.01,9.83
002124,9.67,7.91
002125,10.56,8.64
002126,11.15,9.13
002127,17.25,14.11
002128,11.1,9.08
002129,10.41,8.51
002130,6.08,4.98
002131,2.98,2.44
002132,4.25,3.47
002133,4.84,3.96
002134,8.66,7.84
002135,7.24,5.92
002136,16.23,13.28
002137,13.37,10.94
002138,18.49,15.13
002139,11.48,9.4
002140,9.69,7.93
002141,6.91,5.65
002142,22.12,18.1
002143,13.3,10.88
002144,14.4,11.78
002145,5.84,4.78
002146,11.25,9.21
002147,16.24,13.28
002148,8.91,7.29
002149,9.87,8.07
002150,9.37,7.67
002151,30.66,25.08
002152,8.15,6.67
002153,28.74,23.52
002154,3.42,2.8
002155,9.72,7.96
002156,12.65,10.35
002157,5.08,4.16
002158,12.86,10.52
002159,20.17,16.51
002160,7.11,5.81
002161,7.43,6.08
002162,5.08,4.16
002163,8.4,6.88
002164,8.76,7.16
002165,6.01,4.91
002166,11.5,9.41
002167,10.63,8.69
002168,15.14,12.38
002169,5.29,4.33
002170,6.25,5.11
002171,7.58,6.2
002172,6.19,5.07
002173,13.33,10.91
002174,24.94,20.4
002175,8.7,7.12
002176,13.12,10.74
002177,5.47,4.47
002178,8.44,6.9
002179,43.68,35.74
002180,29.03,23.75
002181,4.93,4.03
002182,8.75,7.16
002183,7.81,6.39
002184,21.1,17.26
002185,8.15,6.67
002186,17.58,14.38
002187,11.01,9.01
002188,7.46,6.75
002189,19.62,16.06
002190,25.8,21.11
002191,9.53,7.79
002192,30.89,25.27
002193,18.25,14.93
002194,11.15,9.13
002195,6.31,5.17
002196,10.07,8.24
002197,11.61,9.5
002198,11.46,9.38
002199,15.54,12.72
002200,10.51,8.6
002201,11.04,9.04
002202,21.15,17.31
002203,9.59,7.85
002204,4.43,3.63
002205,19.23,15.73
002206,5.62,4.6
002207,8.41,7.61
002208,19.64,16.07
002209,10.09,8.25
002210,13.64,11.16
002211,6.77,5.54
002212,17.19,14.07
002213,13.62,11.14
002214,7.55,6.17
002215,8.04,6.58
002216,8.38,6.86
002217,11.09,9.07
002218,4.57,3.74
002219,12.88,10.54
002220,7.96,6.52
002221,13.27,10.85
002222,18.05,14.77
002223,24.3,19.88
002224,8.93,7.31
002225,5.12,4.19
002226,7.55,6.17
002227,19.25,15.75
002228,4.59,3.75
002229,12.58,10.3
002230,64.89,53.09
002231,9.64,7.88
002232,10.78,8.82
002233,12.29,10.05
002234,12.16,9.95
002235,12.06,9.86
002236,30.02,24.56
002237,11.18,9.14
002238,9.79,8.01
002239,4.16,3.4
002240,18.15,14.85
002241,16.15,13.21
002242,19.04,15.58
002243,8.1,6.62
002244,8.37,6.85
002245,10.16,8.32
002246,13.3,10.88
002247,13.7,11.21
002248,9.64,8.72
002249,7.36,6.02
002250,11.39,9.32
002251,16.8,13.74
002252,21.49,17.59
002253,19.37,15.85
002254,13.42,10.98
002255,7.04,5.76
002256,5.05,4.13
002258,22.57,18.47
002259,6.49,5.31
002260,13.16,10.76
002261,7.55,6.17
002262,15.97,13.07
002263,3.26,2.66
002264,12.22,10.0
002265,15.41,12.61
002266,4.66,3.82
002267,8.04,6.58
002268,30.58,25.02
002269,3.28,2.68
002270,10.16,8.32
002271,47.58,38.93
002272,5.61,4.59
002273,23.6,19.31
002274,7.83,6.41
002275,17.42,14.26
002276,8.77,7.17
002277,5.53,4.53
002278,12.98,10.62
002279,13.53,11.07
002280,7.82,6.4
002281,30.25,24.75
002282,13.74,11.24
002283,5.78,4.73
002284,8.82,7.22
002285,10.76,8.8
002286,11.83,9.68
002287,36.63,29.97
002288,5.85,4.79
002289,9.81,8.03
002290,12.99,10.63
002291,7.54,6.17
002292,13.63,11.15
002293,16.61,13.59
002294,47.31,38.71
002295,10.6,8.68
002296,7.72,6.32
002297,9.21,7.53
002298,9.19,7.52
002299,15.57,12.74
002300,8.67,7.09
002301,17.38,14.22
002302,17.42,14.26
002303,7.47,6.11
002304,125.29,102.51
002305,4.32,3.54
002306,3.93,3.55
002307,11.99,9.81
002308,11.11,9.09
002309,15.73,12.87
002310,21.1,17.26
002311,25.08,20.52
002312,7.13,6.45
002313,31.24,25.56
002314,6.61,5.41
002315,22.87,18.71
002316,11.4,9.32
002317,12.79,10.47
002318,7.16,5.86
002319,17.19,14.07
002320,31.24,25.56
002321,9.31,7.61
002322,18.66,15.26
002323,7.38,6.04
002324,25.85,21.15
002325,5.06,4.14
002326,10.34,8.46
002327,12.68,10.38
002328,7.26,5.94
002329,7.08,5.8
002330,8.09,6.62
002331,10.56,8.64
002332,9.58,7.84
002333,17.24,14.1
002334,9.41,7.7
002335,31.66,25.9
002336,14.8,12.11
002337,5.63,4.61
002338,14.06,11.5
002339,9.5,7.78
002340,8.58,7.02
002341,27.56,22.55
002342,6.39,5.23
002343,42.08,34.43
002344,7.01,5.73
002345,11.83,9.68
002346,20.77,16.99
002347,5.76,4.72
002348,5.06,4.14
002349,8.77,7.17
002350,9.77,7.99
002351,9.79,8.01
002352,55.02,45.02
002353,16.48,13.48
002354,19.14,15.66
002355,11.54,9.44
002356,32.23,26.37
002357,11.14,9.12
002358,19.07,15.61
002359,29.73,24.33
002360,7.18,5.88
002361,5.5,4.5
002362,25.94,21.22
002363,8.21,6.71
002364,10.76,8.8
002365,32.16,26.32
002366,29.1,23.81
002367,11.99,9.81
002368,24.94,20.4
002369,10.12,8.28
002370,20.48,16.76
002371,40.15,32.85
002372,22.8,18.66
002373,17.11,14.0
002374,5.06,4.14
002375,7.58,6.2
002376,15.96,13.06
002377,8.77,7.17
002378,9.43,7.71
002379,5.29,4.33
002380,18.72,15.32
002381,8.42,6.89
002382,19.53,15.98
002383,20.71,16.95
002384,28.59,23.39
002385,6.7,5.48
002386,8.0,6.54
002387,17.69,14.47
002388,8.65,7.07
002389,19.57,16.01
002390,9.34,7.64
002391,16.13,13.19
002392,4.8,3.92
002393,33.22,27.18
002394,13.28,10.86
002395,13.31,10.89
002396,24.41,19.97
002397,6.99,5.72
002398,14.14,11.57
002399,18.45,15.09
002400,5.6,4.58
002401,12.83,10.49
002402,10.31,8.43
002403,12.72,10.4
002404,7.45,6.09
002405,25.74,21.06
002406,7.58,6.2
002407,20.59,16.85
002408,13.88,11.36
002409,25.36,20.75
002410,25.85,21.15
002411,28.38,23.22
002412,18.22,14.9
002413,9.39,7.69
002414,16.83,13.77
002415,47.92,39.2
002416,9.86,8.06
002417,12.71,10.4
002418,9.59,7.85
002419,22.17,18.14
002420,5.08,4.16
002421,5.71,4.67
002422,33.94,27.77
002423,15.83,12.95
002424,16.45,13.46
002425,8.14,6.66
002426,5.7,4.66
002427,29.39,26.59
002428,13.07,10.69
002429,3.63,2.97
002430,15.22,12.46
002431,8.33,6.81
002432,10.4,8.51
002433,9.42,7.7
002434,9.8,8.02
002435,18.67,15.27
002436,5.78,4.73
002437,6.26,5.12
002438,7.82,6.4
002439,26.29,21.51
002440,25.06,20.5
002441,10.02,8.2
002442,12.75,10.43
002443,9.53,7.79
002444,13.73,11.23
002445,13.48,11.03
002446,9.22,7.54
002447,5.91,4.83
002448,10.25,8.39
002449,20.53,16.79
002450,21.76,17.8
002451,28.82,23.58
002452,6.52,5.34
002453,7.82,6.4
002454,15.18,12.42
002455,9.0,7.36
002456,23.85,19.51
002457,13.15,10.76
002458,15.41,12.61
002459,13.6,11.12
002460,83.14,68.02
002461,11.0,9.0
002462,26.95,22.05
002463,5.07,4.15
002464,32.64,26.7
002465,10.66,8.72
002466,64.55,52.81
002467,7.77,6.35
002468,27.86,22.8
002469,6.22,5.09
002470,9.33,7.63
002471,4.32,3.54
002472,11.0,9.0
002473,8.46,7.66
002474,9.46,7.74
002475,27.94,22.86
002476,6.55,5.36
002477,4.09,3.35
002478,5.59,4.57
002479,9.82,8.04
002480,8.47,6.93
002481,4.73,3.87
002482,8.93,7.31
002483,5.18,4.24
002484,8.95,7.33
002485,28.82,23.58
002486,5.19,4.25
002487,5.01,4.1
002488,15.71,12.85
002489,4.94,4.04
002490,4.83,4.37
002491,15.29,12.51
002492,6.95,5.69
002493,17.52,14.34
002494,8.93,7.31
002495,3.8,3.11
002496,5.31,4.35
002497,14.96,12.24
002498,3.4,2.78
002499,20.97,17.15
002500,8.56,7.0
002501,9.9,8.1
002502,8.13,6.65
002503,5.52,4.52
002504,3.58,3.24
002505,2.76,2.26
002506,4.68,3.83
002507,18.45,15.09
002508,41.17,33.69
002509,8.9,7.28
002510,6.2,5.08
002511,16.86,13.8
002512,13.21,10.81
002513,10.74,8.78
002514,7.35,6.01
002515,8.62,7.06
002516,6.18,5.06
002517,21.29,17.42
002518,18.32,14.99
002519,7.08,5.8
002520,11.35,9.29
002521,9.64,7.88
002522,10.63,8.69
002523,5.68,4.64
002524,6.99,5.72
002526,6.57,5.37
002527,10.65,8.71
002528,5.25,4.29
002529,18.34,15.0
002530,26.4,21.6
002531,8.33,6.81
002532,6.93,5.67
002533,6.44,5.27
002534,10.53,8.61
002535,4.88,4.0
002536,15.33,12.55
002537,12.2,9.98
002538,8.7,7.12
002539,6.07,4.97
002540,7.57,6.19
002541,14.94,12.22
002542,8.47,6.93
002543,26.02,21.29
002544,16.28,13.32
002545,9.54,7.8
002546,5.06,4.14
002547,10.01,8.19
002548,10.27,8.41
002549,7.26,5.94
002550,6.59,5.39
002551,8.88,7.26
002552,9.75,7.97
002553,9.23,7.55
002554,4.61,3.77
002555,21.32,17.44
002556,7.34,6.0
002557,17.0,13.91
002558,34.6,28.31
002559,9.13,7.47
002560,7.6,6.22
002561,12.36,10.12
002562,15.77,12.91
002563,11.41,9.33
002564,8.8,7.2
002565,6.26,5.12
002566,8.97,7.34
002567,7.06,5.78
002568,14.96,12.24
002569,21.77,17.81
002570,6.33,5.18
002571,8.21,7.43
002572,37.84,30.96
002573,16.62,13.6
002574,7.77,6.35
002575,10.01,8.19
002576,13.94,11.4
002577,16.68,13.64
002578,5.47,4.47
002579,9.42,7.7
002580,9.21,7.53
002581,18.52,15.16
002582,14.11,11.55
002583,13.59,11.12
002584,18.83,15.41
002585,7.63,6.25
002586,8.78,7.18
002587,7.5,6.14
002588,8.02,6.56
002589,16.18,13.24
002590,12.51,10.23
002591,10.78,8.82
002592,24.52,20.06
002593,4.39,3.59
002594,68.86,56.34
002595,19.15,15.67
002596,12.33,10.09
002597,28.48,23.3
002598,9.33,7.63
002599,13.64,11.16
002600,9.06,7.42
002601,20.26,16.58
002602,35.83,29.31
002603,16.54,13.54
002604,9.18,8.3
002605,12.46,10.2
002606,9.91,8.11
002607,4.47,3.65
002608,10.08,8.24
002609,15.87,12.99
002610,2.59,2.12
002611,15.32,12.54
002612,14.06,11.5
002613,3.66,3.0
002614,24.16,19.76
002615,8.31,6.8
002616,8.65,7.07
002617,16.12,13.19
002618,11.97,9.79
002619,6.6,5.4
002620,9.96,8.15
002621,15.63,12.79
002622,14.14,11.57
002623,21.44,17.54
002624,34.05,27.86
002625,29.45,24.09
002626,20.28,16.6
002627,20.14,16.48
002628,7.17,5.87
002629,7.87,6.44
002630,13.46,11.02
002631,11.1,9.08
002632,8.72,7.14
002633,10.9,8.92
002634,6.47,5.29
002635,26.05,21.31
002636,14.87,12.17
002637,10.32,8.44
002638,5.93,4.85
002639,8.59,7.03
002640,20.9,17.1
002641,4.63,3.79
002642,13.1,10.72
002643,12.03,9.85
002644,12.44,10.18
002645,26.07,21.33
002646,14.3,11.7
002647,35.67,29.19
002648,18.68,15.28
002649,12.44,10.18
002650,5.35,4.37
002651,8.7,7.12
002652,7.56,6.18
002653,12.23,10.01
002654,7.46,6.1
002655,12.28,10.04
002656,26.72,21.86
002657,22.56,18.46
002658,12.32,10.08
002659,13.85,11.33
002660,10.9,8.92
002661,12.83,10.49
002662,6.56,5.36
002663,5.41,4.43
002664,30.26,24.76
002665,7.15,5.85
002666,8.47,6.93
002667,16.76,13.72
002668,27.28,22.32
002669,23.14,18.94
002670,18.52,15.16
002671,6.8,5.56
002672,16.48,13.48
002673,11.28,9.23
002674,11.68,9.56
002675,11.85,9.69
002676,7.46,6.1
002677,19.02,15.56
002678,12.13,9.93
002679,24.26,19.85
002680,20.81,17.03
002681,12.07,9.87
002682,11.15,9.13
002683,8.15,6.67
002684,16.5,13.5
002685,11.06,9.05
002686,12.01,9.83
002687,7.69,6.29
002688,7.47,6.11
002689,5.51,4.51
002690,20.6,16.86
002691,25.59,20.93
002692,9.99,8.17
002693,5.91,4.83
002694,13.72,11.22
002695,17.99,14.72
002696,20.89,17.09
002697,6.42,5.26
002698,12.2,9.98
002699,20.64,16.88
002700,10.18,8.33
002701,6.17,5.05
002702,6.66,5.45
002703,7.79,6.37
002705,13.23,10.83
002706,12.25,10.03
002707,13.21,10.81
002708,6.39,5.23
002709,53.17,43.51
002711,11.75,9.61
002712,22.9,18.74
002713,30.32,24.8
002714,52.69,43.11
002715,26.03,21.29
002716,22.79,18.65
002717,31.97,26.15
002718,53.93,44.13
002719,31.19,25.52
002721,15.46,12.65
002722,23.83,19.49
002723,19.89,16.27
002724,9.11,7.45
002725,15.14,12.38
002726,11.33,9.27
002727,29.33,23.99
002728,20.57,16.83
002729,40.71,33.31
002730,12.32,10.08
002731,16.89,13.82
002732,27.83,22.77
002733,15.72,12.86
002734,27.81,22.75
002735,36.63,29.97
002736,11.91,9.75
002737,43.89,35.91
002738,34.68,28.38
002739,57.24,46.84
002740,8.75,7.16
002741,18.96,15.52
002742,27.12,22.19
002743,10.22,8.36
002745,45.44,37.18
002746,22.25,18.21
002747,11.99,9.81
002748,14.3,11.7
002749,72.16,59.04
002750,9.65,7.89
002751,39.51,32.33
002752,9.48,7.76
002753,21.12,17.28
002755,28.36,23.2
002756,24.95,20.41
002757,37.93,31.03
002758,9.97,8.15
002759,15.0,12.28
002760,26.3,21.52
002761,41.14,33.66
002762,16.67,13.64
002763,14.08,11.52
002765,9.99,8.17
002766,15.2,12.44
002767,20.16,16.5
002768,28.49,23.31
002769,20.69,16.93
002770,4.74,3.88
002771,17.64,14.44
002772,10.82,8.86
002773,63.26,51.76
002774,10.02,8.2
002775,20.2,16.52
002776,20.22,16.54
002777,37.88,31.0
002778,21.67,17.73
002779,19.61,16.05
002780,19.99,16.35
002781,22.24,18.2
002782,15.94,13.04
002783,19.27,15.77
002785,12.76,10.44
002786,9.09,7.43
002787,11.03,9.03
002788,31.28,25.6
002789,39.86,32.62
002790,27.61,22.59
002791,19.32,15.8
002792,31.28,25.6
002793,16.61,13.59
002795,16.17,13.23
002796,30.01,24.55
002797,9.44,7.72
002798,55.4,45.32
002799,14.66,12.0
002800,29.3,23.98
002801,35.09,28.71
002802,28.84,23.6
002803,44.67,36.55
002805,26.4,21.6
002806,19.54,15.98
002807,8.25,6.75
002808,12.77,10.45
002809,31.68,25.92
002810,24.82,20.3
002811,18.79,15.37
002812,135.63,110.97
002813,31.34,25.64
002815,34.56,28.28
002816,18.79,15.37
002817,30.29,24.79
002818,30.73,25.15
002819,29.56,24.18
002820,26.51,21.69
002821,79.43,64.99
002822,8.81,7.21
002823,16.08,13.16
002824,16.98,13.9
002825,26.93,22.03
002826,20.3,16.61
002827,19.53,15.98
002828,25.42,20.8
002829,29.26,23.94
002830,20.85,17.06
002831,60.09,49.17
002832,62.18,50.88
002833,60.5,49.5
002835,10.96,8.96
002836,19.68,16.1
002837,24.16,19.76
002838,51.28,41.96
002839,9.65,7.89
002840,40.11,32.81
002841,87.87,71.89
002842,47.23,38.65
002843,19.36,15.84
002845,25.09,20.53
002846,16.45,13.46
002847,33.46,27.38
002848,15.88,13.0
002849,27.17,22.23
002850,59.4,48.6
002851,40.15,32.85
002852,31.2,25.52
002853,31.65,25.89
002855,12.5,10.22
002856,31.58,25.84
002857,22.01,18.01
002858,47.77,39.09
002859,35.75,29.25
002860,48.18,39.42
002861,33.23,27.19
002862,31.27,25.59
002863,18.49,15.13
002864,37.22,30.46
002865,20.57,16.83
002866,30.77,25.17
002867,36.55,29.91
002868,23.95,19.59
002869,32.91,26.93
002870,30.8,25.2
002871,35.73,29.23
002872,33.8,27.66
002873,43.56,35.64
002875,26.46,21.65
002876,67.98,55.62
002877,36.41,29.79
002878,46.34,37.92
002879,36.69,30.02
002880,57.33,46.91
002881,31.52,25.79
002882,13.71,11.21
002883,55.33,45.27
002884,56.09,45.89
002885,37.98,31.08
002886,32.8,26.84
002887,74.91,61.29
002888,27.68,22.64
002889,29.33,23.99
002890,32.67,26.73
002891,36.19,29.61
002892,39.72,32.5
002893,27.9,22.82
002895,26.14,21.38
002896,41.7,34.12
002897,41.31,33.8
002898,23.36,19.12
002899,25.85,21.15
002900,28.79,23.55
002901,37.57,30.74
002902,37.85,30.97
002903,45.02,36.84
002905,41.14,33.66
002906,23.43,19.17
002907,45.0,36.82
002908,33.39,27.32
002909,21.27,17.41
002910,20.53,16.79
002911,29.73,24.33
002912,136.94,112.04
002913,46.34,37.92
002915,39.68,32.46
002916,80.54,65.9
002917,31.13,25.47
002918,52.48,42.94
002919,36.3,29.7
002920,42.2,34.52
002921,44.18,36.14
002922,39.52,32.34
002923,46.86,38.34
002925,106.56,87.18
002926,15.74,12.88
002927,66.44,54.36
002928,43.67,35.73
002929,57.04,46.67
300001,14.71,12.03
300002,7.81,6.39
300003,36.14,29.57
300004,12.43,10.17
300005,5.52,4.52
300006,6.42,5.26
300007,15.28,12.5
300008,7.59,6.21
300009,28.58,23.38
300010,11.36,9.3
300011,10.79,8.83
300012,4.79,3.92
300013,14.43,11.81
300014,19.64,16.07
300015,45.29,37.05
300016,14.33,11.73
300017,14.54,11.9
300018,7.13,5.83
300019,10.53,8.61
300020,12.55,10.27
300021,7.26,5.94
300022,5.6,4.58
300023,10.59,8.67
300024,20.7,16.94
300025,6.11,5.0
300026,4.43,3.63
300027,10.98,8.98
300028,5.04,4.12
300029,8.7,7.12
300030,9.09,7.43
300031,15.55,12.73
300032,15.28,12.5
300033,55.89,45.73
300034,12.31,10.07
300035,7.0,5.72
300036,17.18,14.06
300037,24.09,19.71
300038,53.46,43.74
300039,7.23,5.91
300040,8.76,7.16
300041,11.4,9.32
300042,27.35,22.37
300043,6.14,5.02
300044,18.02,14.74
300045,11.22,9.18
300046,19.23,15.73
300047,14.85,12.15
300048,3.91,3.2
300049,14.69,12.02
300050,9.15,7.49
300051,11.25,9.21
300052,15.47,12.65
300053,15.88,13.0
300054,11.67,9.55
300055,18.71,15.31
300056,7.72,6.32
300057,9.59,7.85
300058,8.31,6.8
300059,16.97,13.89
300061,17.75,14.53
300062,6.83,5.59
300063,5.78,4.73
300064,9.42,7.7
300065,18.0,14.72
300066,4.86,3.98
300067,6.56,5.36
300068,17.91,14.65
300069,31.91,26.11
300070,18.17,14.87
300071,8.58,7.02
300072,35.74,29.24
300073,29.79,24.37
300074,8.77,7.17
300075,17.63,14.43
300076,5.68,4.64
300077,9.16,7.5
300078,10.99,8.99
300079,4.19,3.43
300080,6.52,5.34
300081,12.85,10.51
300082,7.27,5.95
300083,8.48,6.94
300084,7.0,5.72
300085,17.49,14.31
300086,11.88,9.72
300087,11.83,9.68
300088,8.06,6.6
300089,9.11,7.45
300090,10.16,8.32
300091,16.52,13.52
300092,8.37,6.85
300093,9.97,8.15
300094,7.9,6.46
300095,7.72,6.32
300096,14.49,11.85
300097,27.38,22.4
300098,14.28,11.68
300099,7.88,6.44
300100,20.47,16.75
300101,15.73,12.87
300102,8.86,7.25
300103,19.43,15.89
300104,6.08,4.98
300105,6.73,5.51
300106,7.67,6.27
300107,9.41,7.7
300108,9.15,7.49
300109,41.8,34.2
300110,7.66,6.26
300111,3.62,2.96
300112,11.08,9.06
300113,23.19,18.97
300114,11.1,9.08
300115,22.37,18.31
300116,8.38,6.86
300117,6.26,5.12
300118,13.24,10.84
300119,11.65,9.53
300120,12.49,10.22
300121,14.91,12.2
300122,36.53,29.89
300123,12.57,10.29
300124,37.99,31.09
300125,28.05,22.95
300126,6.9,5.64
300127,18.02,14.74
300128,9.98,8.16
300129,6.46,5.28
300130,29.25,23.93
300131,7.56,6.18
300132,8.17,6.69
300133,13.48,11.03
300134,18.02,14.74
300135,3.82,3.12
300136,43.23,35.37
300137,21.0,17.18
300138,12.34,10.1
300139,7.47,6.11
300140,15.06,12.32
300141,11.23,9.19
300142,21.84,17.87
300143,27.04,22.12
300144,21.79,17.83
300145,12.31,10.07
300146,18.62,15.24
300147,9.94,8.14
300148,8.62,7.06
300149,16.85,13.79
300150,5.81,4.75
300151,8.06,6.6
300152,4.97,4.07
300153,11.59,9.49
300154,6.79,5.55
300155,6.39,5.23
300156,14.84,12.14
300157,7.46,6.1
300158,16.37,13.39
300159,11.44,9.36
300160,7.29,5.97
300161,17.18,14.06
300162,8.39,6.87
300163,5.62,4.6
300164,7.22,5.9
300165,7.05,5.77
300166,17.86,14.62
300167,9.3,7.61
300168,19.69,16.11
300169,6.85,5.61
300170,17.06,13.96
300171,9.27,7.59
300172,7.95,6.51
300173,8.69,7.11
300174,34.19,27.97
300175,6.71,5.49
300176,153.45,125.55
300177,11.15,9.13
300178,15.96,13.06
300179,6.7,5.48
300180,26.37,21.57
300181,7.59,6.21
300182,11.33,9.27
300183,18.22,14.9
300184,13.07,10.69
300185,2.51,2.05
300187,11.07,9.05
300188,27.01,22.1
300189,3.97,3.25
300190,11.7,9.58
300191,23.21,18.99
300192,9.41,7.7
300193,8.25,6.75
300194,6.29,5.15
300195,15.52,12.7
300196,12.61,10.31
300197,11.63,9.51
300198,6.59,5.39
300199,17.26,14.12
300200,9.8,8.02
300201,6.66,5.45
300202,23.36,19.12
300203,29.81,24.39
300204,13.84,11.32
300205,9.58,7.84
300206,7.85,6.43
300207,12.86,10.52
300208,13.17,10.77
300209,19.69,16.11
300210,5.92,4.84
300211,7.26,5.94
300212,32.98,26.98
300213,9.66,7.9
300214,5.95,4.87
300215,8.68,7.1
300216,13.92,11.39
300217,3.16,2.58
300218,8.88,7.26
300219,13.75,11.25
300220,15.61,12.77
300221,17.61,14.41
300222,23.71,19.4
300223,30.18,24.7
300224,9.23,7.55
300225,12.05,9.86
300226,75.9,62.1
300227,21.74,17.78
300228,10.91,8.93
300229,15.5,12.68
300230,14.47,11.84
300231,10.57,8.65
300232,18.1,14.81
300233,20.04,16.4
300234,9.48,7.76
300235,12.16,9.95
300236,36.61,29.95
300237,16.43,13.45
300238,20.81,17.03
300239,6.02,4.92
300240,12.06,9.86
300241,19.14,15.66
300242,8.12,6.64
300243,12.06,9.86
300244,25.55,20.91
300245,14.5,11.86
300246,21.45,17.55
300247,6.29,5.15
300248,14.1,11.54
300249,8.14,6.66
300250,15.74,12.88
300251,13.66,11.18
300252,16.24,13.28
300253,11.0,9.0
300254,10.53,8.61
300255,7.16,5.86
300256,7.77,6.35
300257,17.46,14.28
300258,17.92,14.66
300259,10.3,8.42
300260,15.57,12.74
300261,8.91,7.29
300262,8.93,7.31
300263,6.34,5.18
300264,6.92,5.66
300265,8.55,6.99
300266,21.99,17.99
300267,7.72,6.32
300268,18.7,15.3
300269,14.11,11.55
300270,15.51,12.69
300271,20.0,16.36
300272,9.96,8.15
300273,9.57,7.83
300274,19.43,15.89
300275,15.32,12.54
300276,14.91,12.2
300277,11.43,9.35
300278,18.83,15.41
300279,14.18,11.6
300280,36.33,29.73
300281,11.88,9.72
300282,18.62,15.24
300283,5.62,4.6
300284,17.22,14.09
300285,21.87,17.89
300286,19.26,15.76
300287,10.42,8.52
300288,26.66,21.82
300289,10.14,8.3
300290,7.41,6.07
300291,12.96,10.6
300292,6.06,4.96
300293,11.17,9.14
300294,38.19,31.25
300295,18.9,15.46
300296,25.98,21.26
300297,10.49,8.59
300298,24.98,20.44
300299,9.15,7.49
300300,21.84,17.87
300301,6.35,5.19
300302,12.65,10.35
300303,3.52,2.88
300304,7.7,6.3
300305,7.79,6.37
300306,17.39,14.23
300307,8.42,6.89
300308,86.94,71.14
300309,26.03,21.29
300310,11.72,9.59
300311,14.44,11.82
300312,8.98,7.34
300313,11.2,9.16
300314,14.36,11.75
300315,7.08,5.8
300316,22.56,18.46
300317,13.09,10.71
300318,6.01,4.91
300319,7.71,6.31
300320,8.59,7.03
300321,19.68,16.1
300322,10.38,8.5
300323,21.82,17.86
300324,18.87,15.44
300325,6.22,5.09
300326,9.24,7.56
300327,29.11,23.81
300328,10.89,8.91
300329,9.23,7.55
300330,10.92,8.94
300331,18.82,15.4
300332,6.37,5.21
300333,8.92,7.3
300334,12.6,10.31
300335,16.62,13.6
300336,12.5,10.22
300337,8.03,6.57
300338,20.05,16.41
300339,11.87,9.71
300340,51.07,41.79
300341,7.1,5.81
300342,15.5,12.68
300343,15.58,12.74
300344,12.46,10.2
300345,5.65,4.63
300346,27.65,22.63
300347,53.24,43.56
300348,21.56,17.64
300349,40.49,33.13
300350,8.21,6.71
300351,16.01,13.1
300352,4.72,3.86
300353,19.67,16.09
300354,12.4,10.14
300355,12.1,9.9
300356,7.69,6.29
300357,63.44,51.9
300358,13.19,10.79
300359,10.05,8.23
300360,10.52,8.6
300362,12.2,9.98
300363,14.21,11.63
300364,13.66,11.18
300365,42.33,34.63
300366,12.95,10.59
300367,18.35,15.01
300368,8.47,6.93
300369,13.9,11.38
300370,4.2,3.44
300371,21.11,17.27
300373,28.49,23.31
300374,15.29,12.51
300375,16.58,13.56
300376,8.37,6.85
300377,17.25,14.11
300378,16.43,13.45
300379,14.26,11.66
300380,21.65,17.71
300381,12.45,10.19
300382,14.78,12.1
300383,19.32,15.8
300384,27.29,22.33
300385,24.61,20.13
300386,18.19,14.89
300387,17.41,14.25
300388,22.92,18.76
300389,16.03,13.11
300390,11.18,9.14
300391,14.61,11.95
300392,16.42,13.44
300393,38.65,31.63
300394,20.05,16.41
300395,15.71,12.85
300396,44.22,36.18
300397,18.88,15.44
300398,24.53,20.07
300399,18.6,15.22
300400,15.49,12.67
300401,53.19,43.52
300402,12.08,9.88
300403,14.17,11.59
300404,17.22,14.09
300405,16.05,13.13
300406,17.47,14.29
300407,13.34,10.92
300408,26.54,21.72
300409,57.32,46.9
300410,37.13,30.38
300411,38.89,31.82
300412,10.42,8.52
300413,43.29,35.42
300414,21.55,17.63
300415,17.08,13.98
300416,25.97,21.25
300417,23.36,19.12
300418,28.75,23.53
300419,8.88,7.26
300420,8.26,6.76
300421,20.46,16.74
300422,16.4,13.42
300423,28.46,23.28
300424,25.77,21.09
300425,10.85,8.87
300426,22.0,18.0
300427,15.73,12.87
300428,20.76,16.98
300429,29.7,24.3
300430,22.7,18.58
300431,29.41,24.07
300432,17.93,14.67
300433,29.18,23.88
300434,23.87,19.53
300435,12.72,10.4
300436,30.49,24.95
300437,16.7,13.66
300438,27.39,22.41
300439,20.59,16.85
300440,9.83,8.05
300441,26.46,21.65
300442,21.13,17.29
300443,16.08,13.16
300444,18.7,15.3
300445,15.86,12.98
300446,23.82,19.49
300447,18.26,14.94
300448,22.22,18.18
300449,20.56,16.82
300450,77.1,63.08
300451,33.77,27.63
300452,24.86,20.34
300453,15.02,12.29
300455,12.36,10.12
300456,37.51,30.69
300457,31.75,25.97
300458,23.98,19.62
300459,14.01,11.47
300460,12.86,10.52
300461,63.47,51.93
300462,31.02,25.38
300463,25.92,21.2
300464,9.2,7.52
300465,11.54,9.44
300466,12.3,10.06
300467,45.17,36.95
300468,42.41,34.7
300469,45.18,36.96
300470,45.16,36.95
300471,10.26,8.4
300472,27.74,22.7
300473,44.73,36.59
300474,58.7,48.02
300475,14.88,12.18
300476,17.22,14.09
300477,38.12,31.19
300478,41.8,34.2
300479,21.64,17.7
300480,15.27,12.49
300481,23.98,19.62
300482,70.16,57.4
300483,38.29,31.33
300484,20.77,16.99
300485,33.13,27.11
300486,20.49,16.77
300487,30.47,24.93
300488,34.07,27.87
300489,18.52,15.16
300490,17.24,14.1
300491,22.57,18.47
300492,34.53,28.25
300493,13.64,11.16
300494,17.47,14.29
300495,16.37,13.39
300496,33.95,27.77
300497,51.58,42.2
300498,23.03,18.85
300499,18.69,15.29
300500,35.55,29.09
300501,37.76,30.9
300502,26.53,21.71
300503,15.25,12.47
300505,30.81,25.21
300506,24.09,19.71
300507,31.05,25.41
300508,73.32,59.99
300509,33.68,27.56
300510,28.83,23.59
300511,25.1,20.54
300512,18.54,15.17
300513,36.39,29.77
300514,34.67,28.37
300515,11.52,9.42
300516,44.69,36.57
300517,19.33,15.81
300518,56.86,46.52
300519,24.27,19.85
300520,24.93,20.39
300521,15.11,12.37
300522,20.64,16.88
300523,59.54,48.72
300525,45.16,36.95
300526,18.37,15.03
300527,28.08,22.98
300528,12.94,10.58
300529,37.29,30.51
300530,36.5,29.86
300531,17.44,14.27
300532,28.82,23.58
300533,51.14,41.84
300534,9.87,8.07
300535,33.77,27.63
300536,16.52,13.52
300537,17.14,14.02
300538,37.73,30.87
300539,10.56,8.64
300540,24.24,19.84
300541,26.3,21.52
300542,39.81,32.57
300543,27.07,22.15
300545,64.46,52.74
300546,22.51,18.41
300547,57.97,47.43
300548,46.92,38.39
300549,20.71,16.95
300550,35.04,28.67
300551,25.48,20.84
300552,26.73,21.87
300553,40.25,32.93
300554,89.78,73.46
300555,11.61,9.5
300556,30.71,25.13
300557,38.17,31.23
300558,69.4,56.78
300559,53.09,43.43
300560,34.91,28.57
300561,44.29,36.23
300562,22.39,18.32
300563,29.78,24.36
300565,20.66,16.9
300566,30.25,24.75
300567,141.8,116.02
300568,34.85,28.51
300569,25.04,20.48
300570,20.13,16.47
300571,98.35,80.47
300572,85.36,69.84
300573,26.06,21.32
300575,49.28,40.32
300576,17.27,14.13
300577,73.36,60.02
300578,42.71,34.95
300579,51.19,41.89
300580,21.79,17.83
300581,33.45,27.37
300582,17.84,14.6
300583,42.52,34.79
300584,49.95,40.87
300585,18.69,15.29
300586,43.9,35.92
300587,24.0,19.64
300588,33.06,27.05
300589,21.73,17.78
300590,27.51,22.51
300591,8.89,7.27
300592,16.61,13.59
300593,22.12,18.1
300595,63.58,52.02
300596,19.87,16.25
300597,18.46,15.1
300598,31.0,25.36
300599,12.35,10.11
300600,44.53,36.43
300601,62.7,51.3
300602,69.58,56.93
300603,37.18,30.42
300604,56.27,46.04
300605,27.61,22.59
300606,28.0,22.91
300607,66.88,54.72
300608,33.1,27.08
300609,35.87,29.35
300610,17.22,14.09
300611,13.34,10.92
300612,55.54,45.44
300613,180.18,147.42
300615,28.0,22.91
300616,217.61,178.05
300617,49.79,40.73
300618,331.1,270.9
300619,39.78,32.54
300620,41.14,33.66
300621,21.14,17.3
300622,26.62,21.78
300623,67.47,55.21
300624,123.04,100.67
300625,25.76,21.08
300626,29.12,23.82
300627,52.7,43.12
300628,140.46,114.92
300629,52.92,43.3
300630,78.95,64.59
300631,30.76,25.16
300632,22.39,18.32
300633,30.12,24.64
300635,18.32,14.99
300636,31.27,25.59
300637,21.35,17.47
300638,41.89,34.27
300639,58.2,47.62
300640,23.39,19.13
300641,16.49,13.49
300642,109.43,89.53
300643,13.11,10.73
300644,50.38,41.22
300645,39.24,32.1
300647,26.07,21.33
300648,61.24,50.1
300649,39.4,32.24
300650,47.17,38.59
300651,38.4,31.42
300652,27.46,22.46
300653,38.68,31.64
300654,38.05,31.13
300655,31.92,26.12
300656,62.34,51.0
300657,41.12,33.64
300658,29.32,23.99
300659,44.23,36.19
300660,65.71,53.77
300661,111.1,90.9
300662,22.81,18.67
300663,31.27,25.59
300664,22.07,18.05
300665,27.12,22.19
300666,69.06,56.5
300667,42.46,34.74
300668,87.59,71.67
300669,25.5,20.86
300670,23.32,19.08
300671,40.72,33.32
300672,67.73,55.41
300673,49.49,40.49
300675,39.71,32.49
300676,183.59,150.21
300677,77.07,63.05
300678,63.67,52.09
300679,94.29,77.15
300680,32.1,26.26
300681,54.56,44.64
300682,21.43,17.53
300683,53.88,44.08
300684,58.59,47.93
300685,116.55,95.36
300686,22.94,18.77
300687,59.42,48.62
300688,79.18,64.78
300689,42.0,34.36
300690,56.32,46.08
300691,72.03,58.93
300692,39.66,32.45
300693,33.59,27.49
300695,86.27,70.59
300696,63.45,51.91
300697,24.97,20.43
300698,28.67,23.45
300699,59.14,48.38
300700,71.43,58.45
300701,43.63,35.69
300702,43.34,35.46
300703,31.49,25.77
300705,32.66,26.72
300706,74.25,60.75
300707,59.86,48.98
300708,29.73,24.33
300709,66.02,54.02
300710,41.05,33.59
300711,27.39,22.41
300712,24.61,20.13
300713,75.13,61.47
300715,47.96,39.24
300716,26.58,21.74
300717,38.59,31.57
300718,44.56,36.46
300719,27.78,22.73
300720,31.34,25.64
300721,33.79,27.65
300722,39.27,32.13
300723,41.55,33.99
300725,118.8,97.2
300726,26.95,22.05
300727,37.07,30.33
300729,31.45,25.73
300730,44.02,36.02
300731,39.38,32.22
300732,89.33,73.09
300733,28.59,23.39
300735,25.12,20.56
300736,47.73,39.05
300737,17.04,13.94
300738,71.16,58.22
300739,43.93,35.95
300740,58.07,47.51
300741,55.13,45.11
600000,13.52,11.06
600004,17.41,14.25
600006,5.76,4.72
600007,16.58,13.56
600008,5.62,4.6
600009,54.99,44.99
600010,2.49,2.03
600011,7.54,6.17
600012,11.36,9.3
600015,10.1,8.26
600016,9.12,7.46
600017,4.11,3.37
600018,7.9,6.46
600019,10.08,8.24
600020,5.53,4.53
600021,9.13,7.47
600022,2.33,1.91
600023,6.34,5.18
600025,4.52,3.7
600026,6.14,5.02
600027,4.14,3.38
600028,7.54,6.17
600029,12.07,9.87
600030,20.35,16.65
600031,9.03,7.39
600033,3.94,3.22
600035,4.88,4.0
600036,34.39,28.13
600037,14.63,11.97
600038,46.87,38.35
600039,4.21,3.45
600048,15.41,12.61
600050,6.74,5.52
600051,10.73,8.78
600052,4.0,3.28
600053,30.17,24.69
600054,14.58,11.93
600055,15.5,12.68
600056,26.36,21.56
600057,9.12,7.46
600058,11.65,9.53
600059,9.31,7.61
600060,17.95,14.69
600061,13.54,11.08
600062,26.98,22.08
600063,3.74,3.06
600064,15.25,12.47
600066,25.17,20.59
600067,6.72,5.5
600068,9.72,7.96
600069,8.16,6.68
600070,10.07,8.24
600071,19.01,15.55
600072,14.62,11.96
600073,8.11,6.63
600074,2.33,2.11
600075,8.18,6.7
600076,6.99,5.72
600077,3.88,3.18
600078,5.15,4.21
600079,17.5,14.32
600080,10.05,8.23
600081,13.92,11.39
600082,6.18,5.06
600083,23.07,18.87
600084,8.27,6.77
600085,37.35,30.56
600086,11.04,9.04
600088,15.18,12.42
600089,9.89,8.09
600090,8.26,6.76
600091,5.0,4.52
600093,16.74,13.7
600094,7.96,6.52
600095,6.29,5.15
600096,7.59,6.21
600097,15.66,12.82
600098,6.96,5.7
600099,11.22,9.18
600100,11.33,9.27
600101,9.42,7.7
600103,4.16,3.4
600104,39.8,32.56
600105,6.28,5.14
600106,4.59,3.75
600107,14.1,11.54
600108,4.08,3.34
600109,9.32,7.62
600110,9.44,7.72
600111,14.19,11.61
600112,4.85,4.39
600113,13.42,10.98
600114,17.64,14.44
600115,7.96,6.52
600116,8.94,7.32
600117,5.78,4.73
600118,24.06,19.68
600119,13.02,10.66
600120,26.36,21.56
600121,5.85,5.29
600122,9.72,7.96
600123,8.98,7.34
600125,10.42,8.52
600126,7.22,5.9
600127,4.66,3.82
600128,11.12,9.1
600129,17.55,14.36
600130,7.11,5.81
600131,6.9,5.64
600132,23.28,19.04
600133,10.48,8.58
600135,10.96,8.96
600136,18.63,15.25
600137,24.54,20.08
600138,25.58,20.93
600139,6.92,5.66
600141,16.7,13.66
600143,6.66,5.45
600145,1.96,1.78
600146,26.49,21.67
600148,21.34,17.46
600149,8.72,7.89
600150,24.42,19.98
600151,6.51,5.33
600152,7.57,6.19
600153,13.27,10.85
600155,10.68,8.74
600156,5.09,4.17
600157,3.7,3.02
600158,14.01,11.47
600159,3.85,3.15
600160,14.2,11.62
600161,30.77,25.17
600162,3.5,2.86
600163,4.51,3.69
600165,18.16,14.86
600166,2.85,2.33
600167,27.07,22.15
600168,8.76,7.16
600169,3.37,2.75
600170,4.2,3.44
600171,15.09,12.35
600172,9.34,7.64
600173,5.73,4.69
600175,4.98,4.08
600176,18.45,15.09
600177,9.64,7.88
600178,7.67,6.27
600179,25.58,20.93
600180,11.26,9.22
600182,28.05,25.37
600183,18.46,15.1
600184,18.54,15.17
600185,6.02,4.92
600186,2.71,2.21
600187,5.42,4.44
600188,14.93,12.21
600189,8.38,6.86
600190,4.39,3.59
600191,9.5,7.78
600192,7.4,6.06
600193,5.17,4.23
600195,24.44,20.0
600196,50.66,41.45
600197,23.06,18.86
600198,9.25,7.57
600199,7.72,6.32
600200,11.45,9.37
600201,32.48,26.58
600202,9.54,7.8
600203,8.79,7.19
600206,10.82,8.86
600207,10.12,8.28
600208,5.17,4.23
600209,10.46,8.56
600210,5.46,4.46
600211,38.48,31.48
600212,7.89,6.45
600213,12.55,10.27
600215,11.65,9.53
600216,17.45,14.27
600217,7.06,5.78
600218,7.01,5.73
600219,3.64,2.98
600220,3.17,2.59
600221,3.58,2.93
600222,5.24,4.28
600223,4.16,3.4
600225,4.36,3.94
600226,6.52,5.34
600227,6.41,5.25
600228,11.87,10.74
600229,9.91,8.11
600230,49.05,40.13
600231,4.72,3.86
600232,7.24,5.92
600233,19.18,15.7
600234,13.36,12.08
600235,6.86,5.62
600236,6.36,5.2
600237,5.23,4.28
600238,8.0,6.54
600239,5.18,4.24
600240,9.7,7.94
600241,8.91,7.29
600242,16.94,13.86
600243,7.06,5.78
600246,4.68,3.83
600247,8.26,7.48
600248,5.89,4.82
600249,6.78,5.54
600250,10.11,8.27
600251,7.8,6.38
600252,4.46,3.65
600255,3.48,2.84
600256,4.61,3.77
600257,8.14,6.66
600258,35.92,29.39
600259,36.06,29.5
600260,34.88,28.54
600261,5.14,4.2
600262,23.44,19.18
600265,17.96,16.25
600266,12.46,10.2
600267,16.04,13.12
600268,6.6,5.4
600269,5.53,4.53
600270,19.01,15.55
600271,23.42,19.16
600272,11.81,9.67
600273,9.85,8.06
600275,4.99,4.51
600276,95.16,77.86
600277,6.37,5.21
600278,11.72,9.59
600279,6.49,5.31
600280,9.01,7.37
600281,5.5,4.5
600282,5.25,4.29
600283,13.76,11.26
600284,10.07,8.24
600285,10.77,8.81
600287,7.58,6.2
600288,8.94,7.32
600289,3.97,3.59
600290,12.85,10.51
600291,21.77,17.81
600292,8.47,6.93
600293,7.98,6.53
600295,13.48,11.03
600297,8.66,7.08
600298,36.19,29.61
600299,14.96,12.24
600300,4.62,3.78
600301,7.06,6.38
600302,6.31,5.17
600303,8.75,7.16
600305,11.14,9.12
600306,11.51,9.41
600307,2.83,2.31
600308,6.93,5.67
600309,40.08,32.8
600310,6.33,5.18
600311,4.9,4.01
600312,10.12,8.28
600313,3.69,3.02
600315,42.43,34.71
600316,14.32,11.72
600317,3.41,2.79
600318,12.3,10.06
600319,8.55,6.99
600320,5.84,4.78
600321,3.87,3.17
600322,6.6,5.4
600323,15.58,12.74
600325,8.59,7.03
600326,10.07,8.24
600327,7.68,6.28
600328,11.14,9.12
600329,15.49,12.67
600330,9.48,7.76
600331,4.93,4.03
600332,32.02,26.2
600333,6.53,5.35
600335,10.95,8.96
600336,4.95,4.05
600337,6.07,4.97
600338,38.71,31.67
600339,4.82,3.94
600340,38.05,31.13
600343,12.91,10.57
600345,29.69,24.29
600346,17.17,14.05
600348,8.91,7.29
600350,6.58,5.38
600351,8.62,7.06
600352,13.16,10.76
600353,6.67,5.45
600354,7.46,6.1
600355,6.79,5.55
600356,8.72,7.14
600358,7.34,6.0
600359,6.96,5.7
600360,7.4,6.06
600361,5.47,4.47
600362,19.44,15.9
600363,12.65,10.35
600365,8.23,6.73
600366,18.36,15.02
600367,11.33,9.27
600368,5.98,4.9
600369,4.93,4.03
600370,3.53,2.89
600371,11.81,9.67
600372,16.03,13.11
600373,17.48,14.3
600375,5.62,4.6
600376,9.65,7.89
600377,10.64,8.7
600378,15.02,12.29
600379,10.14,8.3
600380,13.81,11.3
600381,11.76,9.62
600382,13.86,11.34
600383,13.5,11.04
600385,13.38,10.94
600386,5.71,4.67
600387,9.88,8.08
600388,15.9,13.01
600389,20.78,17.0
600390,11.75,9.61
600391,21.66,17.72
600392,17.91,14.65
600393,6.74,5.52
600395,7.12,5.82
600396,3.1,2.54
600397,3.17,2.59
600398,12.91,10.57
600399,6.05,4.95
600400,8.46,6.92
600401,0.91,0.83
600403,4.84,4.38
600405,7.33,5.99
600406,18.61,15.23
600408,2.71,2.21
600409,10.23,8.37
600410,12.32,10.08
600415,6.2,5.08
600416,11.2,9.16
600418,8.77,7.17
600419,46.78,38.28
600420,13.24,10.84
600421,8.35,7.55
600422,10.8,8.84
600423,5.07,4.59
600425,3.95,3.57
600426,18.59,15.21
600428,5.7,4.66
600429,6.72,5.5
600432,7.08,6.4
600433,5.29,4.33
600435,11.53,9.43
600436,92.61,75.77
600438,11.97,9.79
600439,6.46,5.28
600444,17.5,14.32
600446,17.34,14.18
600448,5.12,4.19
600449,13.46,11.02
600452,37.07,30.33
600455,35.95,29.41
600456,20.67,16.91
600458,9.38,7.68
600459,21.44,17.54
600460,17.26,14.12
600461,6.93,5.67
600462,7.22,5.9
600463,11.65,9.53
600466,10.91,8.93
600467,3.17,2.59
600468,6.73,5.51
600469,5.65,4.63
600470,5.98,4.9
600475,14.17,11.59
600476,17.91,14.65
600477,9.97,8.15
600478,6.56,5.36
600479,17.05,13.95
600480,15.81,12.93
600481,4.51,3.69
600482,26.92,22.02
600483,8.56,7.0
600485,16.05,13.13
600486,56.34,46.1
600487,43.14,35.3
600488,5.17,4.23
600489,9.96,8.15
600490,10.33,8.45
600491,11.47,9.39
600493,8.39,6.87
600495,6.25,5.11
600496,3.99,3.27
600497,7.32,5.99
600498,30.77,25.17
600499,10.82,8.86
600500,8.6,7.04
600501,10.97,8.97
600502,7.39,6.05
600503,6.44,5.27
600505,7.35,6.01
600506,16.81,13.75
600507,17.96,14.7
600508,12.97,10.61
600509,6.78,5.54
600510,7.45,6.09
600511,33.57,27.47
600512,4.21,3.45
600513,9.13,7.47
600515,12.28,10.04
600516,29.25,23.93
600517,5.75,4.71
600518,25.01,20.47
600519,816.2,667.8
600520,21.53,17.61
600521,33.57,27.47
600522,13.66,11.18
600523,17.39,14.23
600525,18.59,15.21
600526,8.69,7.11
600527,5.57,4.55
600528,13.07,10.69
600529,22.57,18.47
600530,6.13,5.01
600531,7.23,5.91
600532,9.69,7.93
600533,4.79,3.92
600535,47.21,38.63
600536,15.65,12.81
600537,4.81,3.93
600538,6.27,5.13
600539,18.48,15.12
600540,4.7,4.26
600543,10.18,8.33
600545,10.37,8.49
600546,5.12,4.19
600547,31.0,25.36
600548,9.48,7.76
600549,27.13,22.19
600550,7.22,5.9
600551,13.32,10.9
600552,7.87,6.44
600555,4.71,3.85
600556,6.37,5.77
600557,15.14,12.38
600558,5.78,4.73
600559,28.27,23.13
600560,16.47,13.47
600561,9.3,7.61
600562,23.74,19.42
600563,52.54,42.98
600565,4.46,3.65
600566,47.94,39.22
600567,5.21,4.27
600568,7.14,5.84
600569,4.93,4.03
600570,55.78,45.64
600571,10.93,8.95
600572,7.66,6.26
600573,8.69,7.11
600575,4.07,3.33
600576,7.25,5.93
600577,5.09,4.17
600578,3.84,3.14
600579,12.63,10.33
600580,9.44,7.72
600581,15.96,13.06
600582,4.79,3.92
600583,7.0,5.72
600584,22.95,18.77
600585,35.68,29.2
600586,4.59,3.75
600587,16.2,13.26
600588,39.38,32.22
600589,6.36,5.2
600590,11.66,9.54
600592,9.72,7.96
600593,34.91,28.57
600594,12.19,9.97
600595,4.83,3.95
600596,14.61,11.95
600597,14.92,12.2
600598,11.37,9.31
600599,20.45,16.73
600600,43.65,35.71
600601,3.49,2.85
600602,7.84,6.42
600603,8.12,6.64
600604,7.81,6.39
600605,13.43,10.99
600606,8.14,6.66
600608,8.57,7.75
600609,6.12,5.0
600610,5.53,4.53
600611,5.43,4.45
600612,47.19,38.61
600613,8.82,7.22
600614,11.18,9.14
600615,12.9,10.56
600616,8.82,7.22
600617,7.69,6.29
600618,11.9,9.74
600619,11.94,9.77
600620,9.83,8.05
600621,14.53,11.89
600622,16.62,13.6
600623,11.36,9.3
600624,6.86,5.62
600626,7.73,6.33
600628,10.3,8.42
600629,16.4,13.42
600630,11.46,9.38
600633,15.59,12.75
600634,12.42,10.16
600635,5.79,4.73
600636,15.84,14.34
600637,18.66,15.26
600638,16.63,13.61
600639,17.08,13.98
600640,15.71,12.85
600641,13.92,11.39
600642,6.39,5.23
600643,12.38,10.13
600644,6.82,5.58
600645,26.41,21.61
600647,19.89,16.27
600648,20.48,16.76
600649,9.05,7.41
600650,15.48,12.66
600651,10.07,8.24
600652,8.24,6.74
600653,2.55,2.09
600654,3.42,3.1
600655,11.02,9.02
600657,5.93,4.85
600658,10.89,8.91
600660,28.62,23.42
600661,28.59,23.39
600662,6.09,4.99
600663,21.93,17.95
600664,5.84,4.78
600665,4.62,3.78
600666,19.14,15.66
600667,8.4,6.88
600668,16.7,13.66
600671,22.21,18.17
600673,10.49,8.59
600674,10.1,8.26
600675,6.02,4.92
600676,6.72,5.5
600677,11.33,9.27
600678,11.33,9.27
600679,18.66,15.26
600680,7.01,6.35
600681,13.57,11.11
600682,36.61,29.95
600683,6.3,5.16
600684,6.74,5.52
600685,26.4,21.6
600686,14.91,12.2
600687,11.89,9.73
600688,6.7,5.48
600689,12.43,10.17
600690,21.56,17.64
600691,3.89,3.19
600692,10.3,8.42
600693,7.94,6.5
600694,38.91,31.83
600695,10.65,8.71
600696,5.79,5.23
600697,26.66,21.82
600698,7.58,6.2
600699,32.67,26.73
600701,10.14,8.3
600702,44.04,36.04
600703,29.16,23.86
600704,7.25,5.93
600705,6.18,5.06
600706,19.35,15.83
600707,9.09,7.43
600708,7.61,6.23
600710,7.04,6.37
600711,9.52,7.79
600712,8.23,6.73
600713,6.3,5.16
600714,9.2,7.52
600715,14.22,11.64
600716,5.59,4.57
600717,11.17,9.14
600718,14.88,12.18
600719,6.35,5.19
600720,12.29,10.05
600721,11.61,9.5
600722,7.07,5.79
600723,8.7,7.12
600724,3.86,3.16
600725,3.2,2.9
600726,3.47,2.84
600727,10.54,8.62
600728,11.66,9.54
600729,32.35,26.47
600730,6.92,5.66
600731,8.1,6.62
600732,6.86,6.2
600733,55.32,50.06
600734,10.34,8.46
600735,10.51,8.6
600736,7.27,5.95
600737,8.61,7.05
600738,8.71,7.13
600739,19.27,15.77
600740,13.12,10.74
600741,29.44,24.08
600742,18.51,15.15
600743,3.84,3.14
600744,3.81,3.11
600745,30.55,24.99
600746,9.1,7.44
600747,2.24,2.02
600748,6.59,5.39
600749,16.95,13.87
600750,28.37,23.21
600751,7.14,5.84
600753,31.79,26.01
600754,40.24,32.92
600755,11.1,9.08
600756,17.82,14.58
600757,7.48,6.12
600758,7.13,5.83
600759,4.22,3.46
600760,34.69,28.39
600761,11.44,9.36
600763,46.22,37.82
600764,30.16,24.68
600765,11.45,9.37
600766,10.86,8.88
600767,6.83,6.18
600768,14.21,11.63
600769,6.03,4.93
600770,7.91,6.47
600771,50.41,41.25
600773,11.14,9.12
600774,17.83,14.59
600775,8.48,6.94
600776,6.99,5.72
600777,3.58,2.93
600778,5.64,4.62
600779,50.6,41.4
600780,4.63,3.79
600781,21.02,17.2
600782,6.94,5.68
600783,15.58,12.74
600784,6.01,4.91
600785,23.0,18.82
600787,10.02,8.2
600789,11.24,9.2
600790,6.2,5.08
600791,6.95,5.69
600792,4.27,3.49
600793,23.68,19.38
600794,4.9,4.01
600795,3.37,2.75
600796,7.33,5.99
600797,12.97,10.61
600798,5.52,4.52
600800,5.9,4.82
600801,16.59,13.57
600802,7.95,6.51
600803,13.24,10.84
600804,16.6,13.58
600805,6.35,5.19
600806,6.76,6.12
600807,11.01,9.01
600808,4.26,3.48
600809,63.29,51.79
600810,10.4,8.51
600811,4.91,4.01
600812,4.99,4.09
600814,8.51,6.97
600815,4.03,3.65
600816,13.9,11.38
600817,9.96,9.02
600818,19.43,15.89
600819,5.54,4.54
600820,8.26,6.76
600821,7.1,5.81
600822,14.22,11.64
600823,5.59,4.57
600824,4.96,4.06
600825,6.47,5.29
600826,14.41,11.79
600827,12.43,10.17
600828,7.36,6.02
600829,12.21,9.99
600830,8.09,6.62
600831,8.71,7.13
600833,14.51,11.87
600834,9.79,8.01
600835,24.09,19.71
600836,5.6,4.58
600837,13.17,10.77
600838,9.98,8.16
600839,3.52,2.88
600841,13.0,10.64
600843,11.37,9.31
600844,6.41,5.25
600845,26.41,21.61
600846,9.71,7.95
600847,12.93,11.69
600848,28.58,23.38
600850,19.5,15.96
600851,12.5,10.22
600853,5.24,4.28
600854,5.45,4.46
600855,15.24,12.47
600856,12.53,10.25
600857,11.45,9.37
600858,8.05,6.59
600859,23.34,19.1
600860,6.65,6.01
600861,9.78,8.0
600862,9.1,7.44
600863,3.06,2.5
600864,7.12,5.82
600865,8.83,7.23
600866,4.79,3.92
600867,28.3,23.16
600868,5.14,4.2
600869,6.56,5.36
600870,8.29,6.79
600871,2.54,2.08
600872,27.71,22.67
600873,5.46,4.46
600874,14.4,11.78
600875,10.4,8.51
600876,22.31,18.25
600877,6.75,6.11
600879,8.36,6.84
600880,5.2,4.26
600881,5.27,4.31
600882,9.45,7.73
600883,9.63,7.88
600884,21.11,17.27
600885,50.19,41.07
600886,7.83,6.41
600887,33.52,27.42
600888,6.56,5.36
600889,7.89,6.45
600890,11.9,9.74
600891,7.32,5.99
600892,10.77,8.81
600893,29.13,23.83
600894,9.72,7.96
600895,15.47,12.65
600896,6.61,5.41
600897,23.41,19.15
600898,12.83,10.49
600900,18.29,14.97
600901,11.98,9.8
600903,36.43,29.81
600908,8.37,6.85
600909,8.07,6.61
600917,9.05,7.41
600919,8.15,6.67
600926,12.74,10.42
600933,15.84,12.96
600936,6.66,5.45
600939,7.24,5.92
600958,14.47,11.84
600959,8.27,6.77
600960,8.11,6.63
600961,8.53,6.98
600962,14.87,12.17
600963,6.82,5.58
600965,11.12,9.1
600966,6.42,5.26
600967,15.07,12.33
600969,11.58,9.48
600970,10.93,8.95
600971,9.98,8.16
600973,4.93,4.03
600975,5.8,4.74
600976,24.77,20.27
600977,18.56,15.18
600978,9.21,7.53
600979,5.4,4.42
600980,16.56,13.55
600981,6.0,4.91
600982,4.36,3.56
600983,7.12,5.82
600984,7.33,5.99
600985,15.92,13.02
600986,11.99,9.81
600987,12.73,10.41
600988,6.51,5.33
600990,58.7,48.02
600992,11.12,9.1
600993,20.38,16.68
600995,9.77,7.99
600996,10.31,8.43
600997,6.24,5.1
600998,19.58,16.02
600999,18.82,15.4
601000,5.41,4.43
601001,6.19,5.07
601002,9.66,7.9
601003,7.15,5.85
601005,2.73,2.23
601006,9.74,7.97
601007,11.64,9.52
601008,4.91,4.01
601009,9.6,7.86
601010,3.91,3.2
601011,8.28,6.78
601012,39.47,32.29
601015,8.99,7.35
601016,3.5,2.86
601018,5.84,4.78
601019,11.47,9.39
601020,19.95,16.33
601021,35.19,28.79
601028,9.67,7.91
601038,7.83,6.41
601058,3.42,2.8
601069,19.16,15.68
601086,10.77,8.81
601088,24.45,20.01
601098,14.15,11.57
601099,3.36,2.75
601100,34.2,27.98
601101,7.88,6.44
601106,3.78,3.42
601107,4.5,3.68
601108,17.66,14.45
601111,13.24,10.84
601113,15.05,12.31
601116,21.77,17.81
601117,7.99,6.53
601118,6.14,5.02
601126,7.74,6.34
601127,21.78,17.82
601128,8.01,6.55
601137,11.94,9.77
601139,8.2,6.71
601155,41.23,33.73
601158,7.3,5.98
601163,19.6,16.04
601166,19.23,15.73
601168,7.9,6.46
601169,7.87,6.44
601177,8.38,6.86
601179,4.53,3.71
601186,11.18,9.14
601188,4.47,3.65
601198,15.98,13.08
601199,5.73,4.69
601200,21.85,17.87
601208,6.19,5.07
601211,19.51,15.97
601212,6.81,5.57
601216,5.18,4.24
601218,3.62,2.96
601222,8.7,7.12
601225,8.67,7.09
601226,5.67,4.64
601228,6.31,5.17
601229,16.67,13.64
601231,14.59,11.93
601233,25.96,21.24
601238,24.45,20.01
601258,2.57,2.11
601288,4.51,3.69
601311,14.54,11.9
601318,81.2,66.44
601326,6.31,5.17
601328,7.03,5.75
601333,5.32,4.36
601336,54.46,44.56
601339,6.12,5.0
601360,52.4,42.88
601366,11.97,9.79
601368,9.04,7.4
601369,8.53,6.98
601375,7.15,5.85
601377,7.49,6.13
601388,4.03,3.29
601390,8.24,6.74
601398,7.14,5.84
601500,9.43,7.71
601515,10.64,8.7
601518,3.76,3.08
601519,4.18,3.78
601555,9.34,7.64
601558,1.48,1.34
601566,16.84,13.78
601567,10.23,8.37
601579,12.21,9.99
601588,4.86,3.98
601595,20.88,17.08
601599,7.01,5.73
601600,5.62,4.6
601601,44.43,36.35
601607,26.58,21.74
601608,3.99,3.27
601611,10.67,8.73
601616,3.95,3.23
601618,4.42,3.62
601619,8.69,7.11
601628,29.58,24.2
601633,13.18,10.78
601636,7.0,5.72
601666,6.22,5.09
601668,9.8,8.02
601669,7.77,6.35
601677,13.76,11.26
601678,10.49,8.59
601688,19.15,15.67
601689,23.21,18.99
601699,11.72,9.59
601700,6.58,5.38
601717,7.13,5.83
601718,6.74,5.52
601727,6.73,5.51
601766,11.32,9.26
601777,6.93,5.67
601788,14.1,11.54
601789,4.47,3.65
601798,9.72,7.96
601799,56.89,46.55
601800,14.18,11.6
601801,11.33,9.27
601808,12.02,9.84
601811,13.72,11.22
601818,4.62,3.78
601828,19.05,15.59
601838,13.12,10.74
601857,8.83,7.23
601858,10.45,8.55
601866,3.48,2.84
601872,4.39,3.59
601877,28.12,23.0
601878,14.61,11.95
601880,2.85,2.33
601881,11.1,9.08
601882,13.42,10.98
601886,9.54,7.8
601888,62.98,51.53
601890,6.59,5.39
601898,5.96,4.88
601899,5.08,4.16
601900,11.42,9.34
601901,7.06,5.78
601908,5.41,4.43
601918,3.73,3.05
601919,6.9,5.64
601928,8.32,6.8
601929,3.14,2.57
601933,11.41,9.33
601939,8.92,7.3
601949,7.35,6.01
601952,13.28,10.86
601958,7.81,6.39
601965,9.24,7.56
601966,20.01,16.37
601968,5.32,4.36
601969,8.09,6.62
601985,7.82,6.4
601988,4.59,3.75
601989,6.02,4.92
601991,4.29,3.51
601992,5.47,4.47
601996,5.02,4.1
601997,16.24,13.28
601998,7.43,6.08
601999,7.99,6.53
603000,12.41,10.15
603001,14.86,12.16
603002,5.85,4.79
603003,13.54,11.08
603005,30.13,24.65
603006,16.15,13.21
603007,14.58,11.93
603008,19.92,16.3
603009,12.82,10.49
603010,26.49,21.67
603011,9.31,7.61
603012,7.69,6.29
603015,8.79,7.19
603016,23.53,19.25
603017,14.83,12.13
603018,31.36,25.66
603019,53.33,43.63
603020,12.24,10.02
603021,10.56,8.64
603022,12.33,10.09
603023,8.31,6.8
603025,35.87,29.35
603026,22.54,18.44
603027,19.92,16.3
603028,10.58,8.66
603029,19.82,16.22
603030,8.05,6.59
603031,25.37,20.75
603032,59.69,48.83
603033,20.74,16.97
603035,15.32,12.54
603036,16.85,13.79
603037,27.9,22.82
603038,40.36,33.02
603039,95.08,77.8
603040,73.35,60.01
603041,21.74,17.78
603042,28.24,23.1
603043,20.3,16.61
603050,20.57,16.83
603055,16.45,13.46
603056,25.49,20.85
603058,22.29,18.23
603059,53.9,44.1
603060,22.75,18.61
603063,17.07,13.97
603066,12.29,10.05
603067,12.38,10.13
603069,11.53,9.43
603076,33.61,27.5
603077,2.32,1.9
603078,62.01,50.73
603079,48.47,39.65
603080,35.39,28.95
603081,27.5,22.5
603083,49.52,40.52
603085,30.11,24.63
603086,36.32,29.72
603088,28.95,23.69
603089,23.99,19.63
603090,18.78,15.36
603096,81.39,66.59
603098,17.8,14.56
603099,12.38,10.13
603100,11.46,9.38
603101,13.63,11.15
603103,34.96,28.6
603106,24.7,20.21
603108,16.54,13.54
603110,25.44,20.82
603111,13.11,10.73
603113,21.59,17.67
603116,16.04,13.12
603117,9.6,7.86
603118,8.38,6.86
603123,7.82,6.4
603126,11.48,9.4
603127,69.87,57.17
603128,8.62,7.06
603129,26.49,21.67
603131,21.55,17.63
603133,29.26,23.94
603136,41.03,33.57
603138,44.5,36.41
603139,28.59,23.39
603156,86.94,71.14
603157,18.08,14.8
603158,19.89,16.27
603159,25.47,20.84
603160,100.68,82.38
603161,28.89,23.63
603165,54.21,44.35
603166,8.58,7.02
603167,11.94,9.77
603168,15.17,12.41
603169,8.26,6.76
603177,20.3,16.61
603178,14.42,11.8
603179,42.49,34.77
603180,188.97,154.61
603181,24.18,19.78
603183,41.36,33.84
603186,26.62,21.78
603188,15.07,12.33
603189,16.35,13.37
603196,11.45,9.37
603197,47.42,38.8
603198,17.02,13.92
603199,29.16,23.86
603200,40.56,33.18
603203,42.91,35.11
603208,41.24,33.74
603218,21.3,17.42
603222,13.37,10.94
603223,20.48,16.76
603225,28.88,23.63
603226,29.4,24.06
603227,5.69,4.65
603228,58.21,47.63
603229,18.6,15.22
603232,48.26,39.48
603233,59.68,48.83
603238,22.86,18.7
603239,17.85,14.61
603258,31.61,25.87
603260,68.99,56.45
603266,26.81,21.93
603268,28.55,23.36
603269,34.8,28.48
603277,16.24,13.28
603278,21.33,17.45
603283,31.39,25.69
603286,28.77,23.54
603288,66.62,54.5
603289,17.68,14.46
603298,16.17,13.23
603299,11.79,9.65
603300,8.33,6.81
603303,13.53,11.07
603305,33.67,27.55
603306,26.03,21.29
603308,15.33,12.55
603309,19.64,16.07
603311,15.59,12.75
603313,28.19,23.07
603315,14.14,11.57
603316,13.84,11.32
603318,15.52,12.7
603319,32.4,26.51
603320,25.36,20.75
603321,12.85,10.51
603322,43.32,35.44
603323,9.1,7.44
603326,23.64,19.34
603328,14.07,11.51
603329,35.12,28.74
603330,33.63,27.51
603331,19.5,15.96
603333,6.92,5.66
603335,10.73,8.78
603336,21.54,17.62
603337,55.8,45.66
603338,77.87,63.71
603339,24.55,20.09
603345,28.51,23.33
603355,38.17,31.23
603356,27.48,22.48
603357,21.9,17.92
603358,38.07,31.15
603359,35.54,29.08
603360,22.85,18.69
603363,18.52,15.16
603365,26.86,21.98
603366,6.72,5.5
603367,25.08,20.52
603368,53.69,43.93
603369,17.96,14.7
603377,41.29,33.79
603378,21.48,17.58
603380,24.5,20.04
603383,48.05,39.31
603385,20.16,16.5
603386,17.92,14.66
603387,61.47,50.29
603388,18.05,14.77
603389,12.39,10.13
603393,35.63,29.15
603396,39.41,32.25
603398,14.73,12.05
603399,18.29,14.97
603416,33.26,27.22
603421,23.85,19.51
603429,41.11,33.63
603444,179.76,147.08
603456,18.8,15.38
603458,68.16,55.76
603466,59.14,48.38
603477,15.29,12.51
603488,21.0,17.18
603496,35.4,28.96
603499,30.01,24.55
603500,24.65,20.17
603501,40.95,33.51
603505,25.97,21.25
603506,41.02,33.56
603507,33.88,27.72
603508,40.01,32.73
603515,51.88,42.44
603516,58.41,47.79
603517,37.43,30.63
603518,24.57,20.11
603519,20.94,17.14
603520,31.85,26.06
603527,27.58,22.56
603528,8.99,7.35
603533,52.01,42.55
603535,25.16,20.58
603536,20.61,16.87
603538,24.57,20.11
603555,25.89,21.19
603556,38.13,31.19
603557,19.1,15.62
603558,11.98,9.8
603559,39.38,32.22
603566,22.87,18.71
603567,15.47,12.65
603568,24.07,19.69
603569,26.46,21.65
603577,13.64,11.16
603578,40.39,33.05
603579,77.81,63.67
603580,30.62,25.06
603585,32.3,26.42
603586,24.02,19.66
603588,12.86,10.52
603589,52.24,42.74
603595,118.83,97.23
603598,15.09,12.35
603599,17.83,14.59
603600,13.04,10.67
603601,15.5,12.68
603602,54.8,44.84
603603,28.83,23.59
603605,31.78,26.0
603606,11.43,9.35
603607,38.4,31.42
603608,11.41,9.33
603609,9.91,8.11
603611,22.91,18.75
603612,50.15,41.03
603615,13.43,10.99
603616,19.34,15.82
603617,24.38,19.94
603618,7.95,6.51
603619,43.65,35.71
603626,27.04,22.12
603628,13.38,10.94
603630,26.0,21.28
603633,18.29,14.97
603636,10.71,8.77
603637,22.03,18.03
603638,37.37,30.57
603639,48.13,39.38
603648,19.77,16.17
603655,26.14,21.38
603656,29.82,24.4
603658,56.95,46.59
603659,43.65,35.71
603660,40.4,33.06
603661,62.43,51.08
603663,20.39,16.69
603665,40.18,32.88
603667,24.24,19.84
603668,12.21,9.99
603669,19.2,15.71
603676,18.96,15.52
603677,26.95,22.05
603678,26.44,21.64
603679,24.31,19.89
603680,47.69,39.02
603683,22.74,18.6
603685,32.7,26.76
603686,27.19,22.25
603688,15.59,12.75
603689,13.32,10.9
603690,20.12,16.46
603696,41.4,33.88
603698,20.2,16.52
603699,20.45,16.73
603701,18.89,15.45
603703,13.08,10.7
603707,34.02,27.84
603708,23.23,19.01
603709,41.55,33.99
603711,25.37,20.75
603712,31.94,26.14
603716,66.55,54.45
603717,24.9,20.38
603718,10.21,8.35
603721,27.79,22.73
603722,34.61,28.31
603725,19.06,15.6
603726,31.3,25.61
603727,21.86,17.88
603728,22.78,18.64
603729,53.77,43.99
603730,37.92,31.02
603737,76.55,62.63
603738,26.82,21.94
603757,62.76,51.35
603758,15.51,12.69
603766,7.35,6.01
603767,15.38,12.58
603768,17.79,14.55
603776,65.88,53.9
603777,25.32,20.72
603778,8.64,7.07
603779,17.61,14.41
603787,15.69,12.83
603788,44.25,36.21
603789,14.04,11.48
603797,19.1,15.62
603798,16.08,13.16
603799,135.0,110.46
603800,15.1,12.36
603801,75.68,61.92
603803,18.36,15.02
603806,37.24,30.47
603808,22.95,18.77
603809,33.77,27.63
603811,30.67,25.09
603813,30.8,25.2
603816,72.53,59.35
603817,11.24,9.2
603818,15.29,12.51
603819,17.08,13.98
603822,39.5,32.32
603823,16.54,13.54
603825,37.29,30.51
603826,16.28,13.32
603828,10.1,8.26
603829,19.83,16.23
603833,156.76,128.26
603838,12.33,10.09
603839,24.96,20.42
603843,13.62,11.14
603848,20.26,16.58
603855,11.53,9.43
603856,19.07,15.61
603858,58.34,47.74
603859,24.23,19.83
603860,36.21,29.63
603861,16.36,13.38
603866,49.95,40.87
603868,64.92,53.12
603869,22.96,18.78
603871,77.35,63.29
603877,33.08,27.06
603878,17.91,14.65
603879,16.21,13.27
603880,26.13,21.38
603881,44.25,36.21
603882,32.15,26.31
603883,75.27,61.59
603885,16.24,13.28
603886,20.71,16.95
603887,32.59,26.67
603888,24.07,19.69
603889,15.91,13.01
603890,38.21,31.27
603895,56.5,46.22
603896,53.0,43.36
603898,32.43,26.53
603899,31.59,25.85
603900,29.17,23.87
603901,9.37,7.67
603903,35.54,29.08
603906,15.28,12.5
603908,33.83,27.68
603909,32.45,26.55
603912,27.35,22.37
603916,17.07,13.97
603917,26.27,21.49
603918,16.72,13.68
603919,18.74,15.34
603920,17.79,14.55
603922,28.5,23.32
603926,26.92,22.02
603928,15.69,12.83
603929,28.26,23.12
603933,44.32,36.26
603936,22.94,18.77
603937,22.91,18.75
603938,39.35,32.19
603939,63.28,51.78
603955,39.47,32.29
603958,12.57,10.29
603959,37.61,30.77
603960,30.58,25.02
603963,33.39,27.32
603966,15.3,12.52
603968,20.96,17.15
603969,14.62,11.96
603970,26.18,21.42
603976,26.26,21.48
603977,14.64,11.98
603978,85.01,69.55
603979,10.76,8.8
603980,21.41,17.51
603985,35.57,29.11
603986,212.92,174.2
603987,12.73,10.41
603988,33.68,27.56
603989,42.11,34.45
603990,40.37,33.03
603991,25.99,21.27
603993,10.15,8.31
603996,18.79,15.37
603997,12.68,10.38
603998,10.37,8.49
603999,7.95,6.51
